{"cameraMode":{"drawMode":0,"name":"Shaded","section":"Shading Mode"},"sceneLighting":false,"audioPlay":false,"sceneViewState":{"m_AlwaysRefresh":false,"showFog":true,"showSkybox":false,"showFlares":true,"showImageEffects":true,"showParticleSystems":true,"showVisualEffectGraphs":true,"m_FxEnabled":true},"in2DMode":false,"pivot":{"x":-0.16251936554908753,"y":0.7274400591850281,"z":-0.003222227096557617},"rotation":{"x":0.0026426033582538368,"y":0.9677625894546509,"z":-0.25228390097618105,"w":0.011403102427721024},"size":0.724337637424469,"orthographic":false}